"a14d337f163a69f984eaac0b94dd259bffd60f211e42b2ab7c147efd35729e3e",1
"a3c3640e9adeefdda68c696c95f472d5ba8ebc3b22ee9d805e4231b27e75c22f",1
"a65c68df98ef44d13e167875769b6bd55af1f660da03ae20c710be3bbc5247cb",1
"a73cdfb9840f07d68c61305fc0d9902773dad6423764d3abc9a0add77934addd",1
"a98a9abb7e8718f95c667eb29c3508c69cdaf2b90a12a29c9726d93f2b208237",2
"ad0fd9491be62325a7ff0fc26e9148b2f4b04688846d8b980d10d318aae187f5",1
"ad6c1e53e46ce062da17314e875452ea0367f945cea46f1773d7bab2832a1807",1
"add8c4087fe42389a40b6cc144628fd3deee616a9e7b56c4ea11b172e0d0d79a",1
"ae98dc037121d127c70143e567f6d224cb812e185c4447ef6e2071eb393639c9",1
"b1426dbc0c70383f1ad2ad8668eb6dc69a3f6847adeb91c1d8f2de42b4cb12bb",1
"b1c90bcb6ce6cca095e9046dc4909f64a47baab7c6e8986a7a1bb9c7abfed704",1
"b1faa9f4b92303e573a885a2326e2069aae5e8c5c96ab717d6198ba2bcf0c385",1
"8b4ba34c9f8e8361372d6811dcdc84574a09bf4bdecce99f34e46c8106d9db19",1
"8eeb40f1eae99a65205a2abbcb728dae2b3c582533b403e4edce941034e08955",1
"c9db87b15f47644b72d562a1f6beb7cfe3266cef672d2afc5fb8ffb2eee8d9ff",2
"cab5f78b776b6ea54b251967c80647eaa9845d42fcd6925cfa3e7d8abb55dfa8",1
"ccf0c9a1c0bf0152d5fe7f0222c05c0f33f5fc8842b62995c0e22026b2745ea8",1
"d426dff2165a355ff24c377c2951f66248cb62b084975b9a4f77c9d4ad06ad0c",1
"22f2108e2123db26228490b794381b6e655d6e30bce093985c0a10e7037af0aa",1
"25972dcc0a2d2cf813c263bdf104328631d925d20753bdc134cc3b423a7725af",1
"26231651970ad082af2d4e2ed129c81a95990795987d5df23c8c645bd984cc5c",3
"2838ec76d8ee24c147ee2770879e05756e5273e3f11e22e62850f2e08b0eb312",1
"299f2bd5348ee412c6f15ba4415bb279a4d133c508021d8323ee387e4ffa89db",1
"621245abb62915117c6af278585e40887c14c9c54ce1d3401b2c85f864c7d231",1
"62ed90181e72135f4443c4a773cbaeea801f51ded26570785d707325a09561db",1
"630d54527f3d6dec786d64223f064841d2d5514d4aca9ca552ee9273c1be093d",1
"666caab6cc740dd801ee9a776c6eba408c832d134ada5d573a28f38456a1a850",1
"677f678d7860f4ffd863bf39319cc90ba990cac7f4c7fb1c98c371df0d293b83",1
"70d4c6573da3375f3921aea589a1ece3d5ae5e817f594021801202e4d1df630f",1
"f7600e12b04c832c9590705a05c7e35ef8e1f08365bdadb1df5c6b3870506a9a",1
"fa21fd2cd7b9552b43098c9d0cee3c9f3fc2940644aced3531fa097d62a7aa67",1
"fc533a4de3de32809b4f0844041efd13bfc2e9c231056a1a155a495deb0880c4",3
"fd1d2713dd5f0f320352968b89ac1c7d61d86dbe9715d68efe8450906ea43732",1
"3f038a3fd2623dde1bcb9bcea2df73e1fc19adcf76cc6dc289815f1ca6a529c5",1
"3ffcae09ecccc71313336a2e1b4d766b390a9c00d9a8eb092997d8accec24c7e",2
"40ce503b2f42de9eb4a22a717d09ba6b473ff5524a81c21b19dc237f12cc6422",1
"41f7466ffbd41b7dbe4d8bc0d63063439f3c0cc42ff2ec7089cea114ae9d80b9",1
"469d3e1a7c7f508ba2b28ef09967ef02cfa71ab0e3913ef0ded29889449e2a88",2
"478b11c52d48fbf1de24daeab8ae62183bb0e02cc8fb60d6e077f1798157b01f",1
"d8d74c4776b7b2c8c4345f222b21575affdff125c52d22b414383612028c1269",3
"dc2c3a70db887fd00751d343812bf9edbe84e1c0a3252b1adc6ff767bb059153",1
"ded3b5004af54900e787f27330ad655c91c7092e6de98cf020473f061201207e",1
"33ed6645052475a12dfd69a27935e4be4129715bde588c6e9aaddcf0accfd4f5",1
"35bc9c2954590298281ad6d21d2be54f810df43755e71c452ea9317629e79160",1
"38a3eafa289cb09e56d48b7c1b9d06d6b80738714a5b92d28a192a8369693f0d",1
"3b6ba31ea58826f51db1c27e06c2e1f1c648b150cdc86b4d8f1e019fcc3c731f",1
"3e171e5913b911c39dd703ac62d069fb1964625613975acfe4ca0362cbf6efcc",1
"b4a8f01c719c8e4b8ef965861e6e612057950f4d01ef259c94ddb279764e08ea",1
"b8c0606f0c83b22f5d33998c9a917ba34cbcde347ffee6e5cf05fa0153541b79",1
"ba64acc7d3eb4c9c860430751540aebd2d9860d4fedad0409320e9aeec0e2c65",2
"bb6ebf6d81c40bc58b07d10560a4875c79f5a5366e45be9c4fc0b9a0422ba611",1
"bc72bff6cad6fe9fa2bbfe02e213715855b5f9b0af18393ac428c58cfe21898f",4
"bcd3ab5f212f22d1f0f07538dadc619fde5d7bb87f784222b24c7ec8ac6bf644",1
"bd1da6b1cf9353cd126d26feb2d3af1d94d0348baddad38668779233285d7729",1
"4a349e638f660e45844d9c3cf64815a9d9e5656f5fd84714d795d0fc1ec828da",1
"4ad8e1cc2baae9b80e0e16cd4b8e20461f6157a961e2e7d5d1b74e28e618cb81",1
"4cccf0bb281678f22d83dfbdb0e350c3b6640d68bc33d9a28a43c2ff2fd7c7be",1
"4e740905435f4eea7ab655117b23bd154cbdb2f37b084941712f24b82fbbfb24",1
"51ad08ce055ce4bc33cffc69541c7509b21834caa2a07f6862506a1b14c8b819",1
"5296ec7c858907ad0180b63ee2891b3910b4ff7297b6d67f8a6f362373e15039",1
"16544415c61bd73f3b19216877d8bde99dd101f636038438b7a783326feeaceb",1
"1a9de5e34c4265a404e9a16a7555ec3c2564d5b0515f2e66aaed4c8e03c8ab4a",1
"1c8a5838a489f4424c2ee4311d7ae364ad730db224af439f4a2d897813a5d46d",1
"1d5ab9d6609f880431dfddcdbf5151fdba826725793598f55ceb3874215b32d9",1
"1e59129b26c65cdb3a180801510d397ccacc9cb1c95243ea899a7d843437af97",1
"c00635b9fcac97b69fd95f56022d55587d2f82861f60266a8dd55b3a1bd7d359",2
"c9b29548012eb35d32e41f1ba5bcd5c7dc0d80378ae36c13e8d2e6d15ca43f73",2
"74da341e949dd3e149ff828e2587a65b10b57424cc2e13f04746d6670cc703b0",1
"761539c9a46c0c5d722502547517390c66096af68c4dc5a49a3e9475e0fe3c2e",1
"775738f4e997bcd0204304d627bcdda09db65ea64d758e751166e94d072b7015",1
"7852c4c612002c9c9c62d4d5171a0320325676b5f2aad96f6bdd3150d036d820",1
"78860a85eece7c71091febdba4f2f423bcb3749b342338fe0382c7d1be2a266a",2
"793b388972e7967193446327d0556ab0ab83da5bc6ab8a686c00ea1da02e9e99",1
"7b15f055454af2793fbcfb49fde7acd0bafa0dc3ad1d3d55c438daf295dd34db",1
"7b38381393a56c8851ef2e1722343d0c2ad66a06ee6b612518a24625e0f1dc41",1
"7b8bea7ac5483f8aa341cfaa6c4415fd116c120190f3f682b6e6d32258c8c530",1
"539c02424e0b15c6b5b5af86a67f3f36102addc11c7f0d463f2cd6e2cf6de893",1
"53bf53d142aa227212e1892b792000a7de96ff8c4307038670315edb717adaf5",2
"5583106465f126b2af7c5a9fdf607f282539a2fb0d7bb53ac2d7c634b26419ea",1
"55843ab4f578e6ed86f4490d5932cddd5de19c05390523a2e80490ecff694ca2",1
"55abc40e41ec31361d44ad8cd2f5ef015862a869f0ebf718a89015fe7354a8ca",1
"57458494b3da4402b330facaa62e9195406fa2a36ce1086a3610f10f7df5ed4d",1
"58ac9ec5851f8c25aeaff9d69a2bd0e596c56eff6d8e9fe54e90aea1b4977385",1
"59c19b2a9c1c6e3705891b5e3e610d3528489ad808f3322c2433dd44b4e699f3",1
"5ca4913f7c175d4b25d224a405791fa3fcbec7093e6942bf376c344cd2dc398c",2
"5cb4d47b808aafa7a5ff7aade430dc2f27e46e6cfa5c9d7d645683ef307f39e4",1
"5d711f5e0b0b2e63da8be52700e648a4c8c5d2a2ceda9ffd064aa38c61a098ed",1
"7ef2f2d213a25fcb4dfb47ac54f648d8556b60f4d193d7ab9e72b4c5dc4c1485",1
"81ff1d87380922b79431d41808211f832503ac3ca651fc0ba2fe24fc6cc61d59",5
"82070cc029131f8837c41950bf9dac712d72957d988a164e4e1727f40dda165d",1
"82f9c461545e697223347190ae58f7d558b5f80af0b0f1dd9b0d70137113fbea",1
"835c7cc8ef9406d966db7a48c0c40b9f2cd5dced9779d4cc62928ad635a2df4d",2
"85a6d3ccedc9ef4c14da387dc375198fecf3a57bc551a6ec7b859c8e5225a047",2
"865aee44a97d08eb8050a3055542bdb19e3a0439a9005b9ffecaaeab63cf2a6f",1
"866d9c39638e9a54f842a2b62183dbfcfe57bc8fc40141ccf9c9db4244669f50",1
"87be8b5960111075bfbd55df419177692604d6f7e618f59fa2bee680777ff4b3",2
"2ac4b1e48b51acddb2c5f8d8a4622e8f5d64d15d02faf52398b27647d1c44cbf",1
"2f0c1f96f7f7c5424c60a71db4e1ba1984b535b2b64905c159e70feb7327bcb8",1
"2fe47748cba8ce0629719bfbdeef16f44fa8342d9b80f14dd3b2b12d265de38f",1
"0a53d3fe96562bb7d913eb9953ff4726d3da16b03d00ae0d4d1da7d8c16cd39f",1
"0b54c3e4b9e90ee3ab66e24d9aa4a48c2e81e42aefda06f4b17f7231beffe22f",1
"0d61d466d626852e0e8cd112d44bb6cdbda6cde0da1d1ff25a39646833c388b3",1
"0e4cdc2ae6bcd9d9288d57e7e0aa776f9d37526b2e9c4fe440d3502c48e0c313",1
"0f0f84f064737fb4470d3037842d63a78eb0f5592a977e01e524394b55084651",1
"0fd9a33025987ef951ad2016cb7ed451b93e92a11d1dce9e32b4c3a092a9ce25",2
"111b4e94b46872f85788fa9318f7cf57e7414d330b75e9b8bc0f3df3d05b3576",1
"13199ba31fc4909918c335eab00faf9da1e5dd4f5f7046274d25d7e646650c07",1
"e0f6815b8cad514fd6a4d071f88b3a2246eb3856857fedbbf31b48c46b40b0a4",1
"e27a95e5e694ae0094ff0fe284ceb2e3d6070a5bf408f8d4e26aafd94cbe3d91",1
"e5e3ad060d07a4e9bc68764f73dcfa3cbdd34e080a376fa568f017116a336344",1
"e88d730e3ebe401c2febf33e74e7ac673afe856a5b88142ae16dcacdf89c2874",1
"e8a2bf8aa0325a08c9040994c9a534eeadf1b775707355203f4cba21acab9145",1
"ea61c340f2fc301a3be430a2eed7c104adbb17ea9796ba0f1e6b1b2680dcf083",1
"ec9ec2b7816ac916b9d24944be72319c7a92077a72ef95dcc16f1f81c882be77",2
"edba3fd86dbcf4dc1640448abfd25f87c07b99a252e8db3df3c8717b0c272298",3
"eecabf68c5641fac0d138c4b58503472fb48e6b8a6f72c122eefc4f0acc21ef9",1
"f1bcb77600886b406e29da720a1a97d5e283aac954b5c336a8b59e0c03f01cbd",1
"f296f08b5737137b515abec7998c5fbe230ee07ba851d9dc417251a8990f219e",2
"f3e36d130d0fc46f4ed8e581b26524386855f0ba0253d7b447e7de48a0da13b0",1
"f48d2f7d7c8c96dd9727889c5a83ff4c91250d2df5c698969974959b64be5c03",1
"f492ece76f21936914ca56d7cad0b31d0e161ac3420e42fb77d96f7617de0b4e",1
"f4e1d347691c9ac578a7b6c2c7afd39c097bdbc94cc806ab19482a9ba0835da7",2
"02289fee8057f1039f263a4904e2e87b10ed34865fbb3b68d18c89b3db3408c1",1
"0277eed6548ba95a4097d897806fe809d2aa0c76c691c81e861533b9559a5fde",1
"02927d0c3df9c2dc2cce09efe1d0122959965ce614a0a87f7402165d95c34903",1
"061be1daccc02ccedb11bc929bd69f58889e3720486b8f708e9bd14bb8c25336",1
"06d03172e0991f7287e7cfef8d3e807d0bcd7d89e56f743c63a420dd9ef459c5",1
"06d0911d484720adc9019919f120851e860fc66ec3156fdfc0fc86da8f111979",1
"93c6d8913bd1f9c71f7412e525271372f97550e408df06ed5fbf356dc03e0693",1
"93f58824ee2bdd8b257889347cd40c46a07a56f60763937c8eb06c25099ca0c4",1
"9415c8a13d1c93a55bb1bcf8006e4336094d89d72afcfdd99501d7d8ad40e2ee",1
"94c34eb4d3945cf704e45faaa2291201d6de42535435a9e9f359857cf8141ff9",1
"95cbb246324ff69a08e109d8597220b7a68a12379c3b683dc821abe9b58e91df",1
"969754c4a4b720b2c2128036945200a6ca1601202429069c288e2f6fefb00312",1
"9a8e45347d02c4df0d3599ea235704bc946f3add7169777a66ebfa5b53ed9cf6",1
"9c0d1eb68117b80cc19eb9ded83d5ce79c8265b58162c97f4e9096aa34e1b786",1
"9c349d2bc1220c3ce24564fb23488d4a2512afacae9d38b975d156ca3a82eace",1
